string, file 
// tag::listener-get-url-list[], /Users/ianbridge/CouchbaseDocs/ibsoln.github.io/local/couchbase-lite/current/csharp/p2p-managing-tls-id.html
// end::listener-get-url-list[], /Users/ianbridge/CouchbaseDocs/ibsoln.github.io/local/couchbase-lite/current/csharp/p2p-managing-tls-id.html
// tag::listener-get-url-list[], /Users/ianbridge/CouchbaseDocs/ibsoln.github.io/local/couchbase-lite/current/csharp/p2p-managing-tls-id.html
// end::listener-get-url-list[], /Users/ianbridge/CouchbaseDocs/ibsoln.github.io/local/couchbase-lite/current/csharp/p2p-managing-tls-id.html
// tag::listener-get-url-list[], /Users/ianbridge/CouchbaseDocs/ibsoln.github.io/local/couchbase-lite/current/csharp/p2p-managing-tls-id.html
// end::listener-get-url-list[], /Users/ianbridge/CouchbaseDocs/ibsoln.github.io/local/couchbase-lite/current/csharp/p2p-managing-tls-id.html
// tag::listener-get-url-list[], /Users/ianbridge/CouchbaseDocs/ibsoln.github.io/local/couchbase-lite/current/csharp/p2p-managing-tls-id.html
// end::listener-get-url-list[], /Users/ianbridge/CouchbaseDocs/ibsoln.github.io/local/couchbase-lite/current/csharp/p2p-managing-tls-id.html
375,8
